{
  "exact": 0.21551724137931033,
  "f1": 28.155863699015043,
  "total": 3712,
  "HasAns_exact": 0.3081664098613251,
  "HasAns_f1": 40.25984824759008,
  "HasAns_total": 2596,
  "NoAns_exact": 0.0,
  "NoAns_f1": 0.0,
  "NoAns_total": 1116
}