{
  "exact": 35.80280172413793,
  "f1": 53.0752203382578,
  "total": 3712,
  "HasAns_exact": 17.334360554699536,
  "HasAns_f1": 42.03205620015908,
  "HasAns_total": 2596,
  "NoAns_exact": 78.76344086021506,
  "NoAns_f1": 78.76344086021506,
  "NoAns_total": 1116
}