{
  "exact": 1.5894396551724137,
  "f1": 30.46849388548218,
  "total": 3712,
  "HasAns_exact": 2.272727272727273,
  "HasAns_f1": 43.56665997800842,
  "HasAns_total": 2596,
  "NoAns_exact": 0.0,
  "NoAns_f1": 0.0,
  "NoAns_total": 1116
}