{
  "exact": 1.2392241379310345,
  "f1": 28.097042881211983,
  "total": 3712,
  "HasAns_exact": 1.7719568567026194,
  "HasAns_f1": 40.17574082244179,
  "HasAns_total": 2596,
  "NoAns_exact": 0.0,
  "NoAns_f1": 0.0,
  "NoAns_total": 1116
}