{
  "exact": 26.427801724137932,
  "f1": 50.614632825112636,
  "total": 3712,
  "HasAns_exact": 24.65331278890601,
  "HasAns_f1": 59.23787251418263,
  "HasAns_total": 2596,
  "NoAns_exact": 30.555555555555557,
  "NoAns_f1": 30.555555555555557,
  "NoAns_total": 1116
}