{
    "epoch": 2.0,
    "eval_HasAns_exact": 38.49948078920041,
    "eval_HasAns_f1": 57.93001815416888,
    "eval_HasAns_total": 3852,
    "eval_NoAns_exact": 37.880434782608695,
    "eval_NoAns_f1": 37.880434782608695,
    "eval_NoAns_total": 1840,
    "eval_best_exact": 38.31693605059733,
    "eval_best_exact_thresh": 0.0,
    "eval_best_f1": 51.466343979244286,
    "eval_best_f1_thresh": 0.0,
    "eval_exact": 38.299367533380185,
    "eval_f1": 51.44877546202714,
    "eval_runtime": 60.6191,
    "eval_samples": 6594,
    "eval_samples_per_second": 108.778,
    "eval_steps_per_second": 9.073,
    "eval_total": 5692,
    "predict_samples": 7374,
    "test_NoAns_exact": 31.735378715244487,
    "test_NoAns_f1": 31.735378715244487,
    "test_NoAns_total": 7301,
    "test_best_exact": 100.0,
    "test_best_exact_thresh": 0.0,
    "test_best_f1": 100.0,
    "test_best_f1_thresh": 0.0,
    "test_exact": 31.735378715244487,
    "test_f1": 31.735378715244487,
    "test_model_preparation_time": 0.0028,
    "test_runtime": 118.1688,
    "test_samples_per_second": 62.402,
    "test_steps_per_second": 5.204,
    "test_total": 7301,
    "total_flos": 8490921806753712.0,
    "train_loss": 2.047818769891578,
    "train_runtime": 1469.1508,
    "train_samples": 26493,
    "train_samples_per_second": 36.066,
    "train_steps_per_second": 0.226
}