{
  "exact": 43.53448275862069,
  "f1": 52.47295784101446,
  "total": 3712,
  "HasAns_exact": 41.17873651771957,
  "HasAns_f1": 53.95979179732114,
  "HasAns_total": 2596,
  "NoAns_exact": 49.01433691756272,
  "NoAns_f1": 49.01433691756272,
  "NoAns_total": 1116,
  "best_exact": 43.803879310344826,
  "best_exact_thresh": -0.5318880081176758,
  "best_f1": 52.479751319275486,
  "best_f1_thresh": -0.010977506637573242
}