{
  "exact": 13.49676724137931,
  "f1": 41.03600755654394,
  "total": 3712,
  "HasAns_exact": 8.320493066255779,
  "HasAns_f1": 47.69863638285483,
  "HasAns_total": 2596,
  "NoAns_exact": 25.537634408602152,
  "NoAns_f1": 25.537634408602152,
  "NoAns_total": 1116
}