{
    "epoch": 2.0,
    "eval_HasAns_exact": 38.888888888888886,
    "eval_HasAns_f1": 58.95493235433106,
    "eval_HasAns_total": 3852,
    "eval_NoAns_exact": 35.27173913043478,
    "eval_NoAns_f1": 35.27173913043478,
    "eval_NoAns_total": 1840,
    "eval_best_exact": 37.75474349964863,
    "eval_best_exact_thresh": 0.0,
    "eval_best_f1": 51.33422337120215,
    "eval_best_f1_thresh": 0.0,
    "eval_exact": 37.71960646521433,
    "eval_f1": 51.29908633676797,
    "eval_runtime": 61.5149,
    "eval_samples": 8027,
    "eval_samples_per_second": 130.489,
    "eval_steps_per_second": 10.875,
    "eval_total": 5692,
    "predict_samples": 10117,
    "test_NoAns_exact": 31.639501438159158,
    "test_NoAns_f1": 31.639501438159158,
    "test_NoAns_total": 7301,
    "test_best_exact": 100.0,
    "test_best_exact_thresh": 0.0,
    "test_best_f1": 100.0,
    "test_best_f1_thresh": 0.0,
    "test_exact": 31.639501438159158,
    "test_f1": 31.639501438159158,
    "test_model_preparation_time": 0.0026,
    "test_runtime": 68.8677,
    "test_samples_per_second": 146.905,
    "test_steps_per_second": 9.192,
    "test_total": 7301,
    "total_flos": 8480124943110144.0,
    "train_loss": 1.7570325271249405,
    "train_runtime": 1412.8072,
    "train_samples": 32454,
    "train_samples_per_second": 45.943,
    "train_steps_per_second": 0.287
}