{
  "exact": 43.66918103448276,
  "f1": 52.645282583221,
  "total": 3712,
  "HasAns_exact": 41.2557781201849,
  "HasAns_f1": 54.09063518833449,
  "HasAns_total": 2596,
  "NoAns_exact": 49.2831541218638,
  "NoAns_f1": 49.2831541218638,
  "NoAns_total": 1116,
  "best_exact": 43.88469827586207,
  "best_exact_thresh": -1.0788960456848145,
  "best_f1": 52.669977267129084,
  "best_f1_thresh": -0.03616476058959961
}