{
    "epoch": 2.0,
    "eval_HasAns_exact": 39.33021806853583,
    "eval_HasAns_f1": 59.577365281065866,
    "eval_HasAns_total": 3852,
    "eval_NoAns_exact": 54.02173913043478,
    "eval_NoAns_f1": 54.02173913043478,
    "eval_NoAns_total": 1840,
    "eval_best_exact": 44.114546732255796,
    "eval_best_exact_thresh": 0.0,
    "eval_best_f1": 57.81658662379915,
    "eval_best_f1_thresh": 0.0,
    "eval_exact": 44.079409697821504,
    "eval_f1": 57.781449589365025,
    "eval_runtime": 60.8688,
    "eval_samples": 6669,
    "eval_samples_per_second": 109.564,
    "eval_steps_per_second": 9.134,
    "eval_total": 5692,
    "predict_samples": 7387,
    "test_NoAns_exact": 33.21462813313245,
    "test_NoAns_f1": 33.21462813313245,
    "test_NoAns_total": 7301,
    "test_best_exact": 100.0,
    "test_best_exact_thresh": 0.0,
    "test_best_f1": 100.0,
    "test_best_f1_thresh": 0.0,
    "test_exact": 33.21462813313245,
    "test_f1": 33.21462813313245,
    "test_model_preparation_time": 0.0027,
    "test_runtime": 112.277,
    "test_samples_per_second": 65.793,
    "test_steps_per_second": 4.115,
    "test_total": 7301,
    "total_flos": 8581301905251600.0,
    "train_loss": 1.6825176647731237,
    "train_runtime": 1474.2405,
    "train_samples": 26775,
    "train_samples_per_second": 36.324,
    "train_steps_per_second": 0.228
}