{
  "exact": 47.22521551724138,
  "f1": 57.38718000288064,
  "total": 3712,
  "HasAns_exact": 39.869029275808934,
  "HasAns_f1": 54.399542438633645,
  "HasAns_total": 2596,
  "NoAns_exact": 64.33691756272401,
  "NoAns_f1": 64.33691756272401,
  "NoAns_total": 1116,
  "best_exact": 47.22521551724138,
  "best_exact_thresh": -0.2521200180053711,
  "best_f1": 57.38718000288071,
  "best_f1_thresh": -0.005545616149902344
}