{
  "exact": 47.0635775862069,
  "f1": 65.07425547952582,
  "total": 3712,
  "HasAns_exact": 40.90909090909091,
  "HasAns_f1": 66.66241769645599,
  "HasAns_total": 2596,
  "NoAns_exact": 61.37992831541219,
  "NoAns_f1": 61.37992831541219,
  "NoAns_total": 1116
}